Timestamp,User Count,Type,Name,Requests/s,Failures/s,50%,66%,75%,80%,90%,95%,98%,99%,99.9%,99.99%,100%,Total Request Count,Total Failure Count,Total Median Response Time,Total Average Response Time,Total Min Response Time,Total Max Response Time,Total Average Content Size
1778066943,0,,Aggregated,0.000000,0.000000,N/A,N/A,N/A,N/A,N/A,N/A,N/A,N/A,N/A,N/A,N/A,0,0,0,0.0,0,0,0
1778066944,0,,Aggregated,0.000000,0.000000,N/A,N/A,N/A,N/A,N/A,N/A,N/A,N/A,N/A,N/A,N/A,0,0,0,0.0,0,0,0
1778066945,0,,Aggregated,0.000000,0.000000,N/A,N/A,N/A,N/A,N/A,N/A,N/A,N/A,N/A,N/A,N/A,0,0,0,0.0,0,0,0
1778066946,0,,Aggregated,0.000000,0.000000,N/A,N/A,N/A,N/A,N/A,N/A,N/A,N/A,N/A,N/A,N/A,0,0,0,0.0,0,0,0
1778066947,0,,Aggregated,0.000000,0.000000,N/A,N/A,N/A,N/A,N/A,N/A,N/A,N/A,N/A,N/A,N/A,0,0,0,0.0,0,0,0
1778066948,0,,Aggregated,0.000000,0.000000,N/A,N/A,N/A,N/A,N/A,N/A,N/A,N/A,N/A,N/A,N/A,0,0,0,0.0,0,0,0
1778066949,0,,Aggregated,0.000000,0.000000,N/A,N/A,N/A,N/A,N/A,N/A,N/A,N/A,N/A,N/A,N/A,0,0,0,0.0,0,0,0
1778066950,0,,Aggregated,0.000000,0.000000,N/A,N/A,N/A,N/A,N/A,N/A,N/A,N/A,N/A,N/A,N/A,0,0,0,0.0,0,0,0
1778066951,0,,Aggregated,0.000000,0.000000,N/A,N/A,N/A,N/A,N/A,N/A,N/A,N/A,N/A,N/A,N/A,0,0,0,0.0,0,0,0
1778066952,0,,Aggregated,0.000000,0.000000,N/A,N/A,N/A,N/A,N/A,N/A,N/A,N/A,N/A,N/A,N/A,0,0,0,0.0,0,0,0
1778066953,0,,Aggregated,0.000000,0.000000,N/A,N/A,N/A,N/A,N/A,N/A,N/A,N/A,N/A,N/A,N/A,0,0,0,0.0,0,0,0
1778066954,0,,Aggregated,0.000000,0.000000,N/A,N/A,N/A,N/A,N/A,N/A,N/A,N/A,N/A,N/A,N/A,0,0,0,0.0,0,0,0
1778066955,0,,Aggregated,0.000000,0.000000,N/A,N/A,N/A,N/A,N/A,N/A,N/A,N/A,N/A,N/A,N/A,0,0,0,0.0,0,0,0
1778066956,0,,Aggregated,0.000000,0.000000,N/A,N/A,N/A,N/A,N/A,N/A,N/A,N/A,N/A,N/A,N/A,0,0,0,0.0,0,0,0
1778066957,0,,Aggregated,0.000000,0.000000,N/A,N/A,N/A,N/A,N/A,N/A,N/A,N/A,N/A,N/A,N/A,0,0,0,0.0,0,0,0
1778066958,0,,Aggregated,0.000000,0.000000,N/A,N/A,N/A,N/A,N/A,N/A,N/A,N/A,N/A,N/A,N/A,0,0,0,0.0,0,0,0
1778066959,0,,Aggregated,0.000000,0.000000,N/A,N/A,N/A,N/A,N/A,N/A,N/A,N/A,N/A,N/A,N/A,0,0,0,0.0,0,0,0
1778066960,0,,Aggregated,0.000000,0.000000,N/A,N/A,N/A,N/A,N/A,N/A,N/A,N/A,N/A,N/A,N/A,0,0,0,0.0,0,0,0
1778066961,0,,Aggregated,0.000000,0.000000,N/A,N/A,N/A,N/A,N/A,N/A,N/A,N/A,N/A,N/A,N/A,0,0,0,0.0,0,0,0
1778066962,0,,Aggregated,0.000000,0.000000,N/A,N/A,N/A,N/A,N/A,N/A,N/A,N/A,N/A,N/A,N/A,0,0,0,0.0,0,0,0
1778066963,0,,Aggregated,0.000000,0.000000,N/A,N/A,N/A,N/A,N/A,N/A,N/A,N/A,N/A,N/A,N/A,0,0,0,0.0,0,0,0
1778066964,0,,Aggregated,0.000000,0.000000,N/A,N/A,N/A,N/A,N/A,N/A,N/A,N/A,N/A,N/A,N/A,0,0,0,0.0,0,0,0
1778066965,0,,Aggregated,0.000000,0.000000,N/A,N/A,N/A,N/A,N/A,N/A,N/A,N/A,N/A,N/A,N/A,0,0,0,0.0,0,0,0
1778066966,0,,Aggregated,0.000000,0.000000,N/A,N/A,N/A,N/A,N/A,N/A,N/A,N/A,N/A,N/A,N/A,0,0,0,0.0,0,0,0
1778066967,0,,Aggregated,0.000000,0.000000,N/A,N/A,N/A,N/A,N/A,N/A,N/A,N/A,N/A,N/A,N/A,0,0,0,0.0,0,0,0
1778066968,0,,Aggregated,0.000000,0.000000,N/A,N/A,N/A,N/A,N/A,N/A,N/A,N/A,N/A,N/A,N/A,0,0,0,0.0,0,0,0
1778066969,0,,Aggregated,0.000000,0.000000,N/A,N/A,N/A,N/A,N/A,N/A,N/A,N/A,N/A,N/A,N/A,0,0,0,0.0,0,0,0
1778066970,0,,Aggregated,0.000000,0.000000,N/A,N/A,N/A,N/A,N/A,N/A,N/A,N/A,N/A,N/A,N/A,0,0,0,0.0,0,0,0
1778066971,0,,Aggregated,0.000000,0.000000,N/A,N/A,N/A,N/A,N/A,N/A,N/A,N/A,N/A,N/A,N/A,0,0,0,0.0,0,0,0
1778066972,0,,Aggregated,0.000000,0.000000,N/A,N/A,N/A,N/A,N/A,N/A,N/A,N/A,N/A,N/A,N/A,0,0,0,0.0,0,0,0
1778066973,0,,Aggregated,0.000000,0.000000,N/A,N/A,N/A,N/A,N/A,N/A,N/A,N/A,N/A,N/A,N/A,0,0,0,0.0,0,0,0
1778066974,0,,Aggregated,0.000000,0.000000,N/A,N/A,N/A,N/A,N/A,N/A,N/A,N/A,N/A,N/A,N/A,0,0,0,0.0,0,0,0
1778066975,0,,Aggregated,0.000000,0.000000,N/A,N/A,N/A,N/A,N/A,N/A,N/A,N/A,N/A,N/A,N/A,0,0,0,0.0,0,0,0
1778066976,0,,Aggregated,0.000000,0.000000,N/A,N/A,N/A,N/A,N/A,N/A,N/A,N/A,N/A,N/A,N/A,0,0,0,0.0,0,0,0
1778066977,0,,Aggregated,0.000000,0.000000,N/A,N/A,N/A,N/A,N/A,N/A,N/A,N/A,N/A,N/A,N/A,0,0,0,0.0,0,0,0
1778066978,0,,Aggregated,0.000000,0.000000,N/A,N/A,N/A,N/A,N/A,N/A,N/A,N/A,N/A,N/A,N/A,0,0,0,0.0,0,0,0
1778066979,25,,Aggregated,0.000000,0.000000,11,39,42,43,45,47,47,49,49,49,49,72,0,8,20.108047708264266,3.3177489967783913,49.16507500456646,224.91666666666666
1778066980,50,,Aggregated,0.000000,0.000000,11,22,27,39,47,53,58,59,64,64,64,329,0,11,19.09151653833312,2.884633999201469,63.584203002392314,224.88753799392097
1778066981,50,,Aggregated,0.000000,0.000000,8,15,20,22,38,46,54,58,64,64,64,699,0,8,14.204346120444283,2.884633999201469,63.584203002392314,224.862660944206
1778066982,50,,Aggregated,8.600000,0.000000,8,15,21,22,35,48,58,64,85,97,97,1057,0,8,14.704838262981266,2.884633999201469,97.05960599239916,224.8732261116367
1778066983,50,,Aggregated,35.200000,0.000000,8,14,19,21,27,44,55,60,85,97,97,1429,0,8,13.501500986689836,2.8670260071521625,97.05960599239916,224.88033589923023
1778066984,50,,Aggregated,72.600000,0.000000,7,12,17,20,24,39,53,59,85,97,97,1815,0,7,12.397595540477353,2.6713900006143376,97.05960599239916,224.88650137741047
1778066985,50,,Aggregated,108.600000,0.000000,7,12,16,19,23,33,51,58,85,97,97,2198,0,7,11.728919880305304,2.6713900006143376,97.05960599239916,224.8871701546861
1778066986,50,,Aggregated,145.700000,0.000000,7,11,16,18,23,28,48,55,85,97,97,2565,0,7,11.318566665112597,2.6713900006143376,97.05960599239916,224.88810916179338
1778066987,50,,Aggregated,183.500000,0.000000,7,12,16,19,24,40,72,170,330,330,330,2831,0,7,14.571794316206155,2.6713900006143376,334.7452290036017,224.89014482515012
1778066988,50,,Aggregated,222.600000,0.000000,7,11,16,19,23,36,59,160,310,330,330,3208,0,7,13.952890053703578,2.6713900006143376,334.7452290036017,224.8893391521197
1778066989,50,,Aggregated,259.000000,0.000000,7,11,16,19,23,30,56,160,310,330,330,3587,0,7,13.531511875463973,2.6713900006143376,334.7452290036017,224.89099526066352
1778066990,50,,Aggregated,285.900000,0.000000,7,11,16,19,23,28,54,130,310,330,330,3960,0,7,13.328467170798133,2.6713900006143376,334.7452290036017,224.89065656565657
1778066991,50,,Aggregated,322.900000,0.000000,7,11,16,19,23,27,52,110,300,330,330,4320,0,7,13.040766003750495,2.6713900006143376,334.7452290036017,224.89143518518517
1778066992,50,,Aggregated,352.400000,0.000000,7,11,16,19,23,27,50,85,300,330,330,4701,0,7,12.798600234239741,2.6713900006143376,334.7452290036017,224.89023611997447
1778066993,50,,Aggregated,363.000000,0.000000,7,11,15,18,22,26,48,79,300,330,330,5053,0,7,12.531697559689835,2.6713900006143376,334.7452290036017,224.8875915297843
1778066994,50,,Aggregated,361.700000,0.000000,7,11,15,18,22,26,47,75,300,330,330,5415,0,7,12.330715953477656,2.6713900006143376,334.7452290036017,224.8860572483841
1778066995,50,,Aggregated,362.900000,0.000000,7,11,16,19,23,26,45,68,300,330,330,5776,0,7,12.394066772161588,2.6713900006143376,334.7452290036017,224.88781163434902
1778066996,50,,Aggregated,361.900000,0.000000,7,12,16,19,23,27,54,130,300,330,330,6100,0,7,13.34907546670932,2.6713900006143376,334.7452290036017,224.88655737704917
1778066997,50,,Aggregated,361.000000,0.000000,7,12,16,19,23,27,52,130,300,330,330,6468,0,7,13.250010077289183,2.6713900006143376,334.7452290036017,224.88760049474334
1778066998,50,,Aggregated,355.000000,0.000000,7,12,17,19,23,27,53,130,300,330,330,6811,0,7,13.26316562765255,2.6713900006143376,334.7452290036017,224.8882689766554
